{
    "exercise_apply": [
        13.984211683273315,
        50.23816680908203
    ],
    "exercise_apply_normalized": [
        0.2087195773622883,
        0.19472157677938773
    ],
    "dry_run": [
        22.837958335876465
    ],
    "dry_run_normalized": [
        1.5225305557250977
    ],
    "dry_run_checked_frames": [
        15
    ],
    "clothsim-1_clothing_shorts-02_f": [
        1239.9902245998383
    ],
    "clothsim-1_clothing_shorts-02_f_normalized": [
        4.305521613193883
    ],
    "clothsim-2_clothing_tshirt-03_f": [
        743.0233564376831
    ],
    "clothsim-2_clothing_tshirt-03_f_normalized": [
        2.5799422098530664
    ],
    "frame_render": [
        10.25631332397461,
        4.767681837081909,
        4.79318642616272,
        4.6874754428863525,
        4.8772873878479,
        4.6696250438690186,
        4.670535087585449,
        4.71639609336853,
        4.788383960723877,
        4.8214709758758545,
        4.678933382034302,
        4.778265476226807,
        5.01955246925354,
        4.69495415687561,
        4.8608927726745605,
        4.931424140930176,
        4.683746576309204,
        4.638920545578003,
        4.6665449142456055,
        4.622263193130493,
        4.685891151428223,
        4.913174390792847,
        4.701953172683716,
        4.728729248046875,
        4.6689674854278564,
        4.736828327178955,
        4.7335193157196045,
        4.689554691314697,
        5.141980886459351,
        4.720433712005615,
        4.75192403793335,
        4.7374937534332275,
        4.684285879135132,
        4.738853931427002,
        4.722474575042725,
        4.693322420120239,
        4.738326072692871,
        4.844418525695801,
        4.7114808559417725,
        4.707061290740967,
        4.652529001235962,
        4.924235582351685,
        4.639548301696777,
        4.605853796005249,
        4.721670150756836,
        4.685521602630615,
        4.7211480140686035,
        4.9364142417907715,
        4.764340162277222,
        4.729523420333862,
        4.730849266052246,
        4.8803770542144775,
        4.729750633239746,
        4.734281539916992,
        4.761118412017822
    ],
    "frame_annotate": [
        1.2169418334960938,
        1.2083790302276611,
        1.2869462966918945,
        1.227654218673706,
        1.2104077339172363,
        1.2188150882720947,
        1.1679058074951172,
        1.2236311435699463,
        1.2182817459106445,
        1.1707103252410889,
        1.2381563186645508,
        1.2317523956298828,
        1.2229580879211426,
        1.1760046482086182,
        1.2218728065490723,
        1.2171943187713623,
        1.2248504161834717,
        1.1580400466918945,
        1.2196083068847656,
        1.2058155536651611,
        1.2244582176208496,
        1.174623966217041,
        1.2326443195343018,
        1.235475778579712,
        1.1727187633514404,
        1.2262752056121826,
        1.2248799800872803,
        1.224045991897583,
        1.166015625,
        1.2255043983459473,
        1.2287366390228271,
        1.3432774543762207,
        1.1658892631530762,
        1.2586100101470947,
        1.2354564666748047,
        1.1747336387634277,
        1.2101683616638184,
        1.2187130451202393,
        1.209709882736206,
        1.1679673194885254,
        1.2084705829620361,
        1.2668225765228271,
        1.2150213718414307,
        1.1585819721221924,
        1.2291793823242188,
        1.2137525081634521,
        1.2203564643859863,
        1.1725189685821533,
        1.2182161808013916,
        1.21844482421875,
        1.2025117874145508,
        1.2168936729431152,
        1.2170543670654297,
        1.3402583599090576,
        1.1667070388793945
    ],
    "frame_render_misc": [
        3.8094441890716553,
        3.8244338035583496,
        3.8427834510803223,
        3.848599672317505,
        3.8522591590881348,
        3.917365312576294,
        3.85543155670166,
        3.961834669113159,
        4.077399253845215,
        3.8584415912628174,
        3.878326416015625,
        3.871812582015991,
        3.887249708175659,
        3.8903446197509766,
        3.8986268043518066,
        3.8722431659698486,
        3.886984348297119,
        3.8849380016326904,
        4.113089561462402,
        3.864839792251587,
        3.8949966430664062,
        3.933103561401367,
        3.8945679664611816,
        3.8687379360198975,
        4.104289531707764,
        3.9302384853363037,
        3.8844456672668457,
        3.888995885848999,
        3.9123425483703613,
        3.879406213760376,
        3.9122684001922607,
        3.9799396991729736,
        3.8830699920654297,
        3.8846473693847656,
        4.052854776382446,
        4.203445196151733,
        3.8819661140441895,
        3.9374210834503174,
        3.910881519317627,
        3.857632875442505,
        3.9456515312194824,
        3.863131046295166,
        3.86051082611084,
        3.9730920791625977,
        3.868924617767334,
        3.8872628211975098,
        3.9175779819488525,
        3.8631093502044678,
        3.899911403656006,
        3.924764633178711,
        4.063834190368652,
        3.8946902751922607,
        3.935180187225342,
        3.9450771808624268,
        3.9309496879577637
    ],
    "image_metrics": [
        3.9435126781463623
    ],
    "num_frames": 55
}