{
    "exercise_apply": [
        16.81916308403015,
        24.593958139419556,
        80.08699178695679
    ],
    "exercise_apply_normalized": [
        0.20764398869173026,
        0.20325585239189714,
        0.19872702676664214
    ],
    "dry_run": [
        17.222419261932373,
        114.32396793365479
    ],
    "dry_run_normalized": [
        17.222419261932373,
        3.810798931121826
    ],
    "dry_run_checked_frames": [
        1,
        30
    ],
    "clothsim-1_clothing_shorts-01_f": [
        1922.6845254898071
    ],
    "clothsim-1_clothing_shorts-01_f_normalized": [
        4.440379966489162
    ],
    "clothsim-2_clothing_tshirt-01_f": [
        1623.9004166126251
    ],
    "clothsim-2_clothing_tshirt-01_f_normalized": [
        3.7503473824771945
    ],
    "frame_render": [
        13.340441703796387,
        8.920493602752686,
        6.316693544387817,
        6.332821846008301,
        6.312720775604248,
        6.437195062637329,
        6.300095558166504,
        6.427110433578491,
        6.337148904800415,
        6.35326623916626,
        6.29033088684082,
        6.302878141403198,
        6.306972503662109,
        6.809683799743652,
        6.3078696727752686,
        6.682101249694824,
        6.334381103515625,
        6.60506272315979,
        6.3079657554626465,
        6.631765365600586,
        6.3289635181427,
        6.619072437286377,
        6.538422107696533,
        6.466589689254761,
        6.3726959228515625,
        6.930214166641235,
        6.351582288742065,
        6.599046945571899,
        6.304701328277588,
        6.871969699859619,
        6.317141771316528,
        6.7474751472473145,
        6.342405080795288,
        6.562550067901611,
        6.382714748382568,
        6.66720175743103,
        6.368002891540527,
        6.648736238479614,
        6.324076175689697,
        6.58850359916687,
        6.442406415939331,
        6.714296817779541,
        6.49231219291687,
        6.7012834548950195,
        6.355709075927734,
        6.78684139251709,
        6.342250823974609,
        6.663790225982666,
        6.387492895126343,
        6.710991144180298,
        6.424811840057373,
        9.299567699432373,
        6.448211193084717,
        6.431593418121338,
        6.312133550643921,
        6.826595783233643,
        6.349513053894043,
        6.751271486282349,
        6.359368085861206,
        6.7171149253845215,
        6.4844043254852295,
        6.665904521942139,
        6.386617660522461,
        6.794420480728149,
        6.389304161071777,
        6.6305906772613525,
        6.383665561676025,
        6.751242160797119,
        6.399255990982056,
        6.86629319190979,
        6.3840343952178955,
        6.790329217910767,
        6.382747411727905,
        6.802448511123657,
        6.48796534538269,
        6.463189125061035,
        6.4169228076934814,
        6.822868347167969,
        6.323804140090942,
        6.789237976074219,
        6.440422534942627,
        6.8603034019470215,
        6.432475805282593,
        6.478563547134399,
        6.385287523269653,
        7.103886127471924,
        6.452409744262695,
        7.111147880554199,
        6.415112733840942,
        7.270761013031006,
        6.398969411849976,
        6.46171236038208,
        6.637481451034546,
        6.490077257156372,
        6.399808883666992,
        6.444880247116089,
        6.4010984897613525,
        6.814727783203125,
        6.407155752182007,
        7.018740177154541,
        6.466381549835205
    ],
    "frame_annotate": [
        1.4028830528259277,
        1.4685189723968506,
        1.4025537967681885,
        1.393160104751587,
        1.3985183238983154,
        1.3316726684570312,
        1.3972399234771729,
        1.3958494663238525,
        1.4146778583526611,
        1.345639705657959,
        1.3961174488067627,
        1.394817590713501,
        1.404151201248169,
        1.348283052444458,
        1.3988919258117676,
        1.3965020179748535,
        1.3904485702514648,
        1.352057695388794,
        1.3933100700378418,
        1.3923609256744385,
        1.3986594676971436,
        1.3439784049987793,
        1.3971920013427734,
        1.3888881206512451,
        1.4043829441070557,
        1.3404178619384766,
        1.4058451652526855,
        1.3974671363830566,
        1.401900291442871,
        1.3474221229553223,
        1.3872733116149902,
        1.3968403339385986,
        1.4028818607330322,
        1.3454182147979736,
        1.410315752029419,
        1.400247573852539,
        1.3501763343811035,
        1.4030637741088867,
        1.3964223861694336,
        1.3942086696624756,
        1.3355705738067627,
        1.3940987586975098,
        1.398376226425171,
        1.398439645767212,
        1.3464298248291016,
        1.411634922027588,
        1.400162696838379,
        1.3969502449035645,
        1.3409152030944824,
        1.4016759395599365,
        1.4039359092712402,
        1.3976285457611084,
        1.3467044830322266,
        1.4029228687286377,
        1.3894093036651611,
        1.3958256244659424,
        1.3419485092163086,
        1.405552625656128,
        1.4073832035064697,
        1.3899879455566406,
        1.343620777130127,
        1.39680814743042,
        1.409494400024414,
        1.3931562900543213,
        1.3439552783966064,
        1.4029419422149658,
        1.3971574306488037,
        1.404799222946167,
        1.3442695140838623,
        1.4103131294250488,
        1.3991000652313232,
        1.3977015018463135,
        1.3485968112945557,
        1.4062604904174805,
        1.3981878757476807,
        1.4050378799438477,
        1.3473193645477295,
        1.3990631103515625,
        1.3881089687347412,
        1.4033141136169434,
        1.343890905380249,
        1.4092755317687988,
        1.400017499923706,
        1.397437334060669,
        1.352381944656372,
        1.4019317626953125,
        1.4005520343780518,
        1.3362674713134766,
        1.3987376689910889,
        1.4037361145019531,
        1.3973925113677979,
        1.3438849449157715,
        1.4053456783294678,
        1.3933050632476807,
        1.3999927043914795,
        1.3484654426574707,
        1.3966491222381592,
        1.3903868198394775,
        1.407167911529541,
        1.3482964038848877,
        1.3953194618225098
    ],