{
    "name": "visionfit-v0.4.0",
    "params": {
        "scene": "BEDROOM_2",
        "exercise": "UPPERCUT-LEFT",
        "gender": "MALE",
        "num_reps": 4,
        "inter_rep_delay_avg": 1.8783837902010967,
        "inter_rep_delay_var": 1.2577624194684767,
        "rel_baseline_speed": 0.8901001261661572,
        "max_rel_speed_change": 0.1336028407133388,
        "kinematic_noise_factor": 0.8837666444650661,
        "camera_distance": 2.500397362430778,
        "camera_height": 1.007297288116941,
        "add_wall_art": true,
        "wall_art_type": "non_human",
        "avatar_identity": 13,
        "outfit": 0,
        "hide_shoes": false,
        "allowable_occlusion": 26.606436806350626,
        "relative_height": -2.758974049486379,
        "relative_weight": 1.8576659901413317,
        "relative_camera_pitch_deg": -4.933328048479071,
        "lighting_power": 321.9411376983515,
        "relative_avatar_angle_deg": 52.27845504678521,
        "frame_rate": 6,
        "image_width": 256,
        "image_height": 256,
        "enable_sensor_noise": true,
        "state": null,
        "relative_camera_yaw_deg": -12.282927252830305
    }
}