{
    "exercise_apply": [
        18.622076749801636,
        24.595317363739014,
        71.34456658363342
    ],
    "exercise_apply_normalized": [
        0.19602186052422774,
        0.1936639162499135,
        0.19230341397205775
    ],
    "dry_run": [
        19.023038625717163,
        406.00012469291687
    ],
    "dry_run_normalized": [
        19.023038625717163,
        14.000004299755755
    ],
    "dry_run_checked_frames": [
        1,
        29
    ],
    "clothsim-1_clothing_pants-00_m": [
        4562.789553165436
    ],
    "clothsim-1_clothing_pants-00_m_normalized": [
        11.37852756400358
    ],
    "clothsim-2_clothing_hoodie-00_m": [
        2961.9108588695526
    ],
    "clothsim-2_clothing_hoodie-00_m_normalized": [
        7.3863113687520014
    ],
    "frame_render": [
        12.520068407058716,
        7.80579400062561,
        7.7560601234436035,
        7.485682487487793,
        7.455301761627197,
        7.47709846496582,
        7.488850355148315,
        7.627912521362305,
        7.506459474563599,
        7.435559511184692,
        7.624805212020874,
        7.50561261177063,
        7.498071670532227,
        7.951086044311523,
        7.514324188232422,
        7.460712194442749,
        7.528437852859497,
        7.536623954772949,
        7.554297924041748,
        7.530598878860474,
        7.7213850021362305,
        7.514247417449951,
        7.545130014419556,
        7.543729305267334,
        7.496944904327393,
        7.535703182220459,
        7.456648588180542,
        7.821590900421143,
        7.4312896728515625,
        7.571202039718628,
        7.582845211029053,
        7.558584690093994,
        7.515079975128174,
        7.483755350112915,
        7.521374464035034,
        7.540292263031006,
        7.6261115074157715,
        7.547137260437012,
        7.5306737422943115,
        7.61398720741272,
        7.621460676193237,
        7.558696508407593,
        7.62580680847168,
        7.532162427902222,
        7.552479028701782,
        7.57806921005249,
        7.562580585479736,
        7.637485504150391,
        7.6376731395721436,
        7.5297768115997314,
        7.642212390899658,
        7.745553970336914,
        7.557008981704712,
        7.641856670379639,
        7.669919967651367,
        7.497068405151367,
        7.601910829544067,
        7.477157354354858,
        7.552921772003174,
        7.617858409881592,
        7.523685455322266,
        7.478528261184692,
        7.6061015129089355,
        7.502756118774414,
        7.543707609176636,
        7.545358896255493,
        7.87823486328125,
        7.477453231811523,
        7.469008684158325,
        7.568322420120239,
        7.491620779037476,
        7.618399381637573,
        7.503087043762207,
        7.520092487335205,
        7.555237770080566,
        7.613302946090698,
        7.510949373245239,
        7.571426153182983,
        7.527390003204346,
        7.565571546554565,
        7.566348314285278,
        7.501315593719482,
        7.613560914993286,
        7.513070821762085,
        7.566576719284058,
        7.548336982727051,
        7.601271390914917
    ],
    "frame_annotate": [
        7.1575517654418945,
        7.072095155715942,
        7.163304090499878,
        7.195070266723633,
        7.093170881271362,
        7.162379026412964,
        7.042091608047485,
        7.136864423751831,
        7.103331089019775,
        7.10424542427063,
        7.055321931838989,
        7.11163067817688,
        7.102190732955933,
        7.155544281005859,
        7.094686985015869,
        7.0743513107299805,
        7.150805711746216,
        7.130081415176392,
        7.077759265899658,
        7.096202373504639,
        7.105421304702759,
        7.081066370010376,
        7.168634414672852,
        7.134612560272217,
        7.195883750915527,
        7.0459513664245605,
        7.158446550369263,
        7.143479108810425,
        7.199743270874023,
        7.14483642578125,
        7.071689128875732,
        7.1287994384765625,
        7.174727439880371,
        7.182802200317383,
        7.124868392944336,
        7.106191635131836,
        7.149170875549316,
        7.218477725982666,
        7.154659271240234,
        7.224074363708496,
        7.098252773284912,
        7.200337648391724,
        7.112010717391968,
        7.171335935592651,
        7.212661981582642,
        7.124265909194946,
        7.147695541381836,
        7.152699708938599,
        7.1583051681518555,
        7.1026451587677,
        7.084604263305664,
        7.092928171157837,
        7.164740324020386,
        7.095719814300537,
        7.1659629344940186,
        7.117391109466553,
        7.155518054962158,
        7.150773286819458,
        7.126999139785767,
        7.14781928062439,
        7.062141180038452,
        7.1400017738342285,
        7.1135094165802,
        7.140002489089966,
        7.211834907531738,
        7.101402044296265,
        7.073615312576294,
        7.129340410232544,
        7.109989166259766,
        7.111211776733398,
        7.057885646820068,
        7.10972785949707,
        7.165762186050415,
        7.088270902633667,
        7.136211156845093,
        7.01921272277832,
        7.0766441822052,
        7.142478942871094,
        7.1625165939331055,
        7.024897813796997,
        7.141876459121704,
        7.2039008140563965,
        7.152972459793091,
        7.166431903839111,
        7.101079702377319,
        7.113291263580322,
        7.1481781005859375
    ],
    "frame_render_misc": [
        7.400611162185669,
        7.387835264205933,
        7.405537366867065,
        7.47141170501709,
        7.4350950717926025,
        7.373695611953735,
        7.4894843101501465,
        7.406604766845703,
        7.415241956710815,
        7.423009157180786,
        7.425848722457886,
        7.522831678390503,
        7.474646091461182,
        7.590612888336182,
        7.4358227252960205,
        7.4137513637542725,
        7.450044393539429,
        7.530791282653809,
        7.4668614864349365,
        7.420814275741577,
        7.413614273071289,
        7.4175403118133545,
        7.631803035736084,
        7.454209327697754,
        7.422651767730713,
        7.431368112564087,
        7.402191638946533,
        7.43096661567688,
        7.450031042098999,
        7.679279088973999,
        7.442204475402832,
        7.614002704620361,
        7.424370765686035,
        7.476164102554321,
        7.6460654735565186,
        7.692583322525024,
        7.606802225112915,
        7.686115980148315,
        7.4756433963775635,
        7.481495141983032,
        7.538675308227539,
        7.5263166427612305,
        7.5625529289245605,
        7.4981207847595215,
        7.65999698638916,
        7.65593147277832,
        7.490905284881592,
        7.5864269733428955,
        7.511652708053589,
        7.606377124786377,
        7.462602138519287,
        7.598758220672607,
        7.458815097808838,
        7.7533698081970215,
        7.439237117767334,
        7.453835725784302,
        7.504444599151611,
        7.446956157684326,
        7.455741882324219,
        7.494945526123047,
        7.452843189239502,
        7.529562950134277,
        7.506292819976807,
        7.468627214431763,
        7.489254951477051,
        7.415105819702148,
        7.620103359222412,
        7.490655899047852,
        7.4813714027404785,
        7.522299289703369,
        7.462137937545776,
        7.50357723236084,
        7.470192193984985,
        7.521527051925659,
        7.490473508834839,
        7.531053781509399,
        7.603996276855469,
        7.823568344116211,
        7.53589129447937,
        7.816654443740845,
        7.502714157104492,
        7.617860794067383,
        7.510397911071777,
        7.60319972038269,
        7.62536358833313,
        7.501692771911621,
        7.503856658935547
    ],
    "image_metrics": [
        6.1363279819488525
    ],