{
    "exercise_apply": [
        19.34969401359558,
        71.47945141792297
    ],
    "exercise_apply_normalized": [
        0.19744585728158756,
        0.19266698495397028
    ],
    "dry_run": [
        31.94546341896057
    ],
    "dry_run_normalized": [
        1.4520665190436624
    ],
    "dry_run_checked_frames": [
        22
    ],
    "clothsim-1_clothing_shorts-02_m": [
        1263.9800276756287
    ],
    "clothsim-1_clothing_shorts-02_m_normalized": [
        3.1520698944529393
    ],
    "clothsim-2_clothing_tshirt-03_m": [
        801.8760778903961
    ],
    "clothsim-2_clothing_tshirt-03_m_normalized": [
        1.999690967307721
    ],
    "frame_render": [
        10.542418003082275,
        5.256554365158081,
        4.646296977996826,
        4.520528316497803,
        4.973649501800537,
        4.586190223693848,
        4.641435384750366,
        4.825350761413574,
        4.6882641315460205,
        4.698307752609253,
        4.55660605430603,
        4.705378770828247,
        4.660483360290527,
        4.6674840450286865,
        4.817089796066284,
        4.662011623382568,
        4.667893648147583,
        4.719416856765747,
        4.742743730545044,
        4.6924262046813965,
        4.900914669036865,
        4.63306999206543,
        4.683444261550903,
        4.79129958152771,
        4.6240761280059814,
        4.576213121414185,
        5.04506254196167,
        4.71233868598938,
        4.659365653991699,
        5.053475856781006,
        4.593250513076782,
        4.607937812805176,
        4.943172454833984,
        4.686580419540405,
        4.914610385894775,
        5.0403664112091064,
        4.6530585289001465,
        4.6623146533966064,
        4.781957626342773,
        4.693933486938477,
        4.807240724563599,
        4.73494029045105,
        4.5901243686676025,
        4.665660619735718,
        4.660143852233887,
        4.677322149276733,
        4.699247598648071,
        5.068582773208618,
        4.684837579727173,
        4.683377504348755,
        4.739300489425659,
        5.5801475048065186,
        4.600366592407227,
        4.6967384815216064,
        4.709690809249878,
        4.749399662017822,
        4.752514123916626,
        4.621904611587524,
        4.684930801391602,
        4.675833702087402,
        4.665409088134766,
        4.5964930057525635,
        4.676804065704346,
        4.693478584289551,
        4.6866326332092285,
        4.726112604141235,
        5.009927988052368,
        4.656519889831543,
        4.686341762542725,
        5.129768133163452,
        4.597616910934448,
        4.593242168426514,
        5.158020973205566,
        4.665441513061523,
        4.702027797698975,
        5.121107816696167,
        4.695027589797974,
        4.695873498916626,
        4.646101474761963,
        4.585810422897339,
        4.611048936843872
    ],
    "frame_annotate": [
        1.188281536102295,
        1.1864190101623535,
        1.187525749206543,
        1.1328835487365723,
        1.1993772983551025,
        1.1972219944000244,
        1.174208641052246,
        1.1761035919189453,
        1.205110788345337,
        1.1925835609436035,
        1.1486616134643555,
        1.191899299621582,
        1.195129156112671,
        1.1910145282745361,
        1.1396183967590332,
        1.194861888885498,
        1.459770917892456,
        1.1392176151275635,
        1.197458028793335,
        1.2010977268218994,
        1.1899926662445068,
        1.140700101852417,
        1.1866264343261719,
        1.183779001235962,
        1.2010831832885742,
        1.1514501571655273,
        1.210961103439331,
        1.206218957901001,
        1.130892276763916,
        1.19801664352417,
        1.2095766067504883,
        1.1987671852111816,
        1.155310869216919,
        1.1998953819274902,
        1.1953599452972412,
        1.1988961696624756,
        1.153794527053833,
        1.1978600025177002,
        1.1966328620910645,
        1.1346220970153809,
        1.1933009624481201,
        1.20672607421875,
        1.204848051071167,
        1.1446533203125,
        1.1941471099853516,
        1.20326828956604,
        1.1975877285003662,
        1.150925636291504,
        1.2004997730255127,
        1.1953020095825195,
        1.4772493839263916,
        1.2029752731323242,
        1.2079553604125977,
        1.2064876556396484,
        1.1485047340393066,
        1.2097680568695068,
        1.205143928527832,
        1.1466639041900635,
        1.191528081893921,
        1.1920502185821533,
        1.1968097686767578,
        1.1510837078094482,
        1.1886119842529297,
        1.1891653537750244,
        1.2051796913146973,
        1.1494510173797607,
        1.1919565200805664,
        1.2094953060150146,
        1.151489496231079,
        1.1901299953460693,
        1.1733567714691162,
        1.1920166015625,
        1.1445624828338623,
        1.2096664905548096,
        1.181532621383667,
        1.200566291809082,
        1.1316707134246826,
        1.1932408809661865,
        1.4737560749053955,
        1.1379640102386475,
        1.1970794200897217
    ],
    "frame_render_misc": [
        4.582635164260864,
        5.0908708572387695,
        4.553758144378662,
        4.546994924545288,
        4.760180234909058,
        4.592888116836548,
        4.6156580448150635,
        4.731774091720581,
        4.600498199462891,
        4.696627378463745,
        4.9031758308410645,
        4.64573335647583,
        4.641635417938232,
        4.877003192901611,
        4.623510360717773,
        4.661815404891968,
        4.703599214553833,
        4.66576623916626,
        4.780384063720703,
        4.856484889984131,
        4.628146648406982,
        4.618683815002441,
        4.8714280128479,
        4.608239412307739,
        4.640678405761719,
        4.655302047729492,
        4.636669158935547,
        4.638537645339966,
        4.653469562530518,
        4.697893142700195,
        4.629399299621582,
        4.932665824890137,
        4.648120403289795,
        4.648017406463623,
        4.651425123214722,
        4.685369253158569,
        4.685000658035278,
        4.917138576507568,
        4.727915525436401,
        4.658595323562622,
        4.656242370605469,
        5.07682728767395,
        4.657482385635376,
        4.6827051639556885,
        5.0008864402771,
        4.650656700134277,
        4.680597305297852,
        4.735494136810303,
        4.662729263305664,
        4.677045583724976,
        4.682108402252197,
        4.6973748207092285,
        4.692407846450806,
        5.152094841003418,
        4.676567792892456,
        4.671795845031738,
        5.093878984451294,
        4.670070648193359,
        4.642537355422974,
        5.098221302032471,
        4.678461074829102,
        4.703693866729736,
        4.974274396896362,
        4.6926209926605225,
        4.6483378410339355,
        4.628157377243042,
        4.695859432220459,
        4.697295665740967,
        4.695570945739746,
        4.638579845428467,
        4.669979095458984,
        4.6835527420043945,
        4.693160772323608,
        4.656091213226318,
        4.657555341720581,
        4.6498122215271,
        4.6299357414245605,
        4.691912889480591,
        4.74045205116272,
        4.660027980804443,
        4.677650690078735
    ],
    "image_metrics": [
        6.090277910232544
    ],
    "num_frames": 81
}