{
    "name": "visionfit-v0.4.0",
    "params": {
        "scene": "BEDROOM_2",
        "exercise": "UPPERCUT-LEFT",
        "gender": "FEMALE",
        "num_reps": 4,
        "inter_rep_delay_avg": 0.9025473482060558,
        "inter_rep_delay_var": 0.69725603065554,
        "rel_baseline_speed": 1.0817243534118286,
        "max_rel_speed_change": 0.16894482406629294,
        "kinematic_noise_factor": 0.932579705860459,
        "camera_distance": 2.5248287389359527,
        "camera_height": 1.0582571296460876,
        "add_wall_art": true,
        "wall_art_type": "misc_human",
        "avatar_identity": 18,
        "outfit": 2,
        "hide_shoes": false,
        "allowable_occlusion": 37.02968842407414,
        "relative_height": -0.17681716518385554,
        "relative_weight": -0.5583916023225693,
        "relative_camera_pitch_deg": -8.177957967613686,
        "lighting_power": 290.4695337369215,
        "relative_avatar_angle_deg": 140.2794644265456,
        "frame_rate": 6,
        "image_width": 256,
        "image_height": 256,
        "enable_sensor_noise": true,
        "state": null,
        "relative_camera_yaw_deg": 4.876130475181871
    }
}