{
    "exercise_apply": [
        13.851293325424194,
        12.268160343170166,
        80.06378960609436
    ],
    "exercise_apply_normalized": [
        0.20369549007976756,
        0.2079349210706808,
        0.19292479423155268
    ],
    "dry_run": [
        14.31583309173584,
        171.16392064094543
    ],
    "dry_run_normalized": [
        14.31583309173584,
        14.263660053412119
    ],
    "dry_run_checked_frames": [
        1,
        12
    ],
    "clothsim-1_clothing_shorts-01_f": [
        1823.993844985962
    ],
    "clothsim-1_clothing_shorts-01_f_normalized": [
        4.098862573002162
    ],
    "clothsim-2_clothing_tshirt-01_f": [
        1593.3068974018097
    ],
    "clothsim-2_clothing_tshirt-01_f_normalized": [
        3.5804649379815947
    ],
    "frame_render": [
        10.011968612670898,
        5.490755319595337,
        5.291777849197388,
        5.255951166152954,
        5.534173250198364,
        5.3243279457092285,
        5.313138246536255,
        5.498094320297241,
        5.169173002243042,
        5.302796125411987,
        5.246943235397339,
        5.290154933929443,
        5.249652862548828,
        5.222790479660034,
        5.309380531311035,
        5.2770676612854,
        5.318994760513306,
        5.275831460952759,
        5.273802280426025,
        5.251044988632202,
        5.291931629180908,
        5.2699432373046875,
        5.3119306564331055,
        5.249201536178589,
        5.260855436325073,
        5.313147783279419,
        5.3283562660217285,
        5.265013694763184,
        5.242060899734497,
        5.444674968719482,
        5.348008871078491,
        5.245927572250366,
        5.30298376083374,
        5.212513208389282,
        5.266011953353882,
        5.323955774307251,
        5.2940354347229,
        5.287788391113281,
        5.346390247344971,
        5.6024463176727295,
        5.305359125137329,
        5.2773332595825195,
        5.33519983291626,
        5.362893342971802,
        5.549535274505615,
        5.34721040725708,
        5.300034761428833,
        5.34393572807312,
        5.383215665817261,
        5.308992624282837,
        5.344395637512207,
        5.62360954284668,
        5.265817165374756,
        5.347066640853882,
        5.410132646560669,
        5.291558742523193,
        5.3470845222473145,
        5.376286029815674,
        5.2978551387786865,
        5.347848176956177,
        5.338470697402954,
        5.362456560134888,
        5.284732341766357,
        5.3652753829956055,
        5.301147222518921,
        5.378479719161987,
        5.300495386123657,
        5.294070243835449,
        5.348258018493652,
        5.338811874389648,
        5.291261672973633,
        5.303799867630005,
        5.296535491943359,
        5.2562034130096436,
        5.292595148086548,
        5.2605226039886475,
        5.310275316238403,
        5.448103666305542,
        5.3183159828186035,
        5.436367750167847,
        5.367473363876343,
        5.291624069213867,
        5.791579723358154,
        5.298405885696411,
        5.300842761993408,
        5.45702600479126
    ],
    "frame_annotate": [
        1.2966992855072021,
        1.3035423755645752,
        1.310753583908081,
        1.2476513385772705,
        1.392655611038208,
        1.3000214099884033,
        1.3091390132904053,
        1.2552223205566406,
        1.3084843158721924,
        1.3044869899749756,
        1.3086347579956055,
        1.252939224243164,
        1.3062665462493896,
        1.2995164394378662,
        1.2941300868988037,
        1.250967025756836,
        1.3021376132965088,
        1.2994964122772217,
        1.3142778873443604,
        1.2529423236846924,
        1.3028090000152588,
        1.2981679439544678,
        1.311439037322998,
        1.2484681606292725,
        1.3045167922973633,
        1.2915997505187988,
        1.302154779434204,
        1.248544692993164,
        1.3031914234161377,
        1.3065640926361084,
        1.3066275119781494,
        1.2575366497039795,
        1.304800033569336,
        1.3052120208740234,
        1.253350019454956,
        1.318568468093872,
        1.3106751441955566,
        1.3061814308166504,
        1.2485907077789307,
        1.2970893383026123,
        1.302440881729126,
        1.311288833618164,
        1.2533905506134033,
        1.3086557388305664,
        1.3046796321868896,
        1.3049166202545166,
        1.2583816051483154,
        1.3116116523742676,
        1.3025717735290527,
        1.3091120719909668,
        1.2505238056182861,
        1.312950611114502,
        1.2954018115997314,
        1.3112328052520752,
        1.245605707168579,
        1.3080315589904785,
        1.3120126724243164,
        1.3133995532989502,
        1.2638018131256104,
        1.3124067783355713,
        1.306225061416626,
        1.3116233348846436,
        1.2532644271850586,
        1.3175907135009766,
        1.3193788528442383,
        1.312366008758545,
        1.2609927654266357,
        1.3060357570648193,
        1.3116247653961182,
        1.309903860092163,
        1.2516107559204102,
        1.3188221454620361,
        1.2984049320220947,
        1.314781904220581,
        1.252389669418335,
        1.3058209419250488,
        1.3033733367919922,
        1.3159921169281006,
        1.2546591758728027,
        1.305201768875122,
        1.3097186088562012,
        1.3109681606292725,
        1.2457566261291504,
        1.3019936084747314,
        1.3131580352783203,
        1.3066091537475586
    ],
    "frame_render_misc": [
        2.9446988105773926,
        2.976973533630371,
        2.9602153301239014,
        3.020669937133789,
        3.0240163803100586,
        2.9645256996154785,
        3.0594992637634277,
        2.9917781352996826,
        3.0059986114501953,
        3.0135838985443115,
        3.0206539630889893,
        3.028122663497925,
        3.047762632369995,
        3.0141429901123047,
        3.0263426303863525,
        3.0118024349212646,
        3.0196950435638428,
        3.02284836769104,
        3.006645679473877,
        3.025505304336548,
        3.000091791152954,
        2.9928879737854004,
        3.012077569961548,
        3.063319683074951,
        3.0174715518951416,
        3.033850908279419,
        2.988617181777954,
        3.0217044353485107,
        3.054046392440796,
        3.0633296966552734,
        3.039106607437134,
        3.033717155456543,
        3.015496253967285,
        3.039931535720825,
        3.029845952987671,
        3.044438123703003,
        3.074692726135254,
        3.04024076461792,
        3.0471694469451904,
        2.9924278259277344,
        3.050902843475342,
        3.073079824447632,
        3.0583395957946777,
        3.039194107055664,
        3.0726709365844727,
        3.0726046562194824,
        3.073474884033203,
        3.103757381439209,
        3.1094088554382324,
        3.043015718460083,
        3.092681407928467,
        3.080629825592041,
        3.080335855484009,
        3.1086325645446777,
        3.1411421298980713,
        3.1103875637054443,
        3.0809547901153564,
        3.0713558197021484,
        3.064260482788086,
        3.1056747436523438,
        3.065443754196167,
        3.1101186275482178,
        3.106374979019165,
        3.1193673610687256,
        3.1218369007110596,
        3.0751421451568604,
        3.082564353942871,
        3.0711002349853516,
        3.0820276737213135,
        3.1032795906066895,
        3.081076145172119,
        3.0883030891418457,
        3.0680294036865234,
        3.0689260959625244,
        3.2111964225769043,
        3.084263324737549,
        3.084782123565674,
        3.124850034713745,
        3.0841474533081055,
        3.0830352306365967,
        3.082148790359497,
        3.095702648162842,
        3.096914529800415,
        3.0548126697540283,
        3.0554540157318115,
        3.1935176849365234
    ],